date,headline,food,cereals,pulses,vegetables
2012-01-01,6.26,-0.21,2.59,3.5,-31.86
2012-02-01,8.03,4.45,2.48,2.28,-10.82
2012-03-01,9.05,7.09,2.91,2.61,5.77
2012-04-01,9.76,9.32,3.78,3.72,20.07
2012-05-01,9.8,9.7,4.31,5.26,
2012-06-01,10.15,10.47,5.05,6.92,22.0
2012-07-01,10.13,11.39,6.75,9.76,21.15
2012-08-01,10.25,11.7,8.86,14.1,15.24
2012-09-01,9.7,10.36,10.51,14.7,7.25
2012-10-01,9.28,9.39,11.3,13.43,2.56
2012-11-01,9.56,10.17,12.14,13.03,7.04
2012-12-01,10.45,12.19,13.32,13.03,18.04
2013-01-01,10.52,,,,
2013-02-01,10.89,,,,
2013-03-01,10.06,,,,
2013-04-01,9.1,,,,
2013-05-01,9.03,,,,
2014-01-01,8.6,9.68,10.33,2.74,19.57
2014-02-01,7.88,7.89,8.88,3.8,10.95
2014-03-01,8.25,8.64,8.35,4.57,13.8
2014-04-01,8.48,9.21,8.33,5.41,14.41
2014-05-01,8.33,8.89,7.84,5.77,10.72
2014-06-01,6.77,7.21,6.77,5.74,4.26
2014-07-01,7.39,8.85,6.62,6.39,12.64
2014-08-01,7.03,8.7,6.14,7.51,10.8
2014-09-01,5.63,6.22,5.58,7.94,0.75
2014-10-01,4.62,3.88,5.21,8.2,-8.41
2014-11-01,3.27,1.13,4.4,8.32,-16.77
2014-12-01,4.28,3.96,3.19,8.19,-3.37
2015-01-01,5.19,6.14,3.18,9.37,8.84
2015-02-01,5.37,6.88,2.91,10.61,13.01
2015-03-01,5.25,6.14,2.32,11.48,11.09
2015-04-01,4.87,5.11,2.15,12.43,6.55
2015-05-01,5.01,4.8,2.06,16.62,4.72
2015-06-01,5.4,5.48,1.98,22.24,5.3
2015-07-01,3.69,2.15,1.06,22.88,-7.99
2015-08-01,3.74,2.2,1.22,25.76,-6.3
2015-09-01,4.41,3.88,1.38,29.76,0.06
2015-10-01,5.0,5.25,1.46,42.38,2.3
2015-11-01,5.41,6.07,1.7,46.08,3.94
2015-12-01,5.61,6.4,2.28,45.83,4.41
2016-01-01,5.69,6.85,2.19,43.32,6.39
2016-02-01,5.26,5.3,2.18,38.46,0.7
2016-03-01,4.83,5.21,2.43,34.23,0.46
2016-04-01,5.47,6.4,2.51,34.21,4.98
2016-05-01,5.76,7.47,2.59,31.57,10.85
2016-06-01,5.77,7.79,3.07,26.86,14.81
2016-07-01,6.07,8.35,3.88,27.53,13.99
2016-08-01,5.05,5.91,4.11,21.94,0.95
2016-09-01,4.39,3.96,4.25,14.33,-7.09
2016-10-01,4.2,3.32,4.4,4.11,-5.74
2016-11-01,3.63,2.03,4.78,0.29,-10.42
2016-12-01,3.41,1.37,5.25,-1.63,-14.59
2017-01-01,3.17,0.61,5.31,-6.56,-15.62
2017-02-01,3.65,2.01,5.3,-9.08,-8.29
2017-03-01,3.89,2.01,5.38,-12.42,-7.16
2017-04-01,2.99,0.61,5.06,-15.88,-8.59
2017-05-01,2.18,-1.05,4.81,-19.45,-13.44
2017-06-01,1.46,-2.12,4.39,-21.86,-16.53
2017-07-01,2.36,-0.36,3.97,-24.69,-3.57
2017-08-01,3.28,1.52,3.87,-24.43,5.97
2017-09-01,3.28,1.25,3.7,-22.51,3.92
2017-10-01,3.58,1.9,3.68,-23.13,7.54
2017-11-01,4.88,4.35,3.27,-23.59,22.48
2017-12-01,5.21,4.96,2.65,-23.47,29.05
2018-01-01,5.07,4.7,2.41,-20.19,26.97
2018-02-01,4.44,3.26,2.1,-17.35,17.57
2018-03-01,4.28,2.81,2.18,-13.41,11.7
2018-04-01,4.58,2.8,2.56,-12.35,7.46
2018-05-01,4.87,3.1,2.78,-11.57,7.96
2018-06-01,4.92,2.91,2.7,-10.87,7.8
2018-07-01,4.17,1.3,2.92,-8.91,-2.26
2018-08-01,3.69,0.29,2.98,-7.76,-7.12
2018-09-01,3.7,0.51,2.9,-8.65,-4.21
2018-10-01,3.38,-0.86,2.59,-10.36,-8.12
2018-11-01,2.33,-2.61,1.25,-9.22,-15.59
2018-12-01,2.11,-2.65,1.25,-7.2,-16.39
2019-01-01,1.97,-2.24,0.81,-5.5,-13.39
2019-02-01,2.57,-0.73,1.25,-3.82,-7.69
2019-03-01,2.86,0.3,1.17,-2.25,-1.49
2019-04-01,2.99,1.1,1.17,-0.81,2.87
2019-05-01,3.05,1.83,1.24,2.13,5.46
2019-06-01,3.18,2.25,1.31,5.68,4.73
2019-07-01,3.15,2.36,1.31,6.82,2.82
2019-08-01,3.28,2.99,1.3,6.94,6.9
2019-09-01,3.99,5.11,1.66,8.4,15.47
2019-10-01,4.62,7.89,2.16,11.72,26.1
2019-11-01,5.54,10.01,3.71,13.94,36.06
2019-12-01,7.35,14.19,4.36,15.44,60.5
2020-01-01,7.59,13.63,5.25,16.71,50.04
2020-02-01,6.58,10.81,5.23,16.61,31.61
2020-03-01,5.84,8.76,5.3,15.85,18.63
2020-05-01,,9.2,,,
2020-06-01,6.23,8.72,7.86,17.61,3.99
2020-07-01,6.73,9.27,6.89,15.69,11.1
2020-08-01,6.69,9.05,5.92,14.44,11.53
2020-09-01,7.27,10.68,4.68,14.67,20.79
2020-10-01,7.61,11.0,3.53,18.34,22.08
2020-11-01,6.93,9.5,2.46,18.05,15.48
2020-12-01,4.59,3.41,0.98,15.98,-10.51
2021-01-01,4.06,1.96,0.14,13.32,-15.84
2021-02-01,5.03,3.87,-0.35,12.62,-6.27
2021-03-01,5.52,4.87,-0.69,13.25,-4.96
2021-04-01,4.23,1.96,-2.96,7.51,-14.53
2021-05-01,6.3,5.01,-1.42,9.39,-1.92
2021-06-01,6.26,5.15,-1.94,10.01,-0.7
2021-07-01,5.59,3.96,-1.68,9.04,-7.8
2021-08-01,5.3,3.11,-1.42,8.81,-11.73
2021-09-01,4.35,0.68,-0.61,8.75,-22.42
2021-10-01,4.48,0.85,0.41,5.36,-19.43
2021-11-01,4.91,1.87,1.51,3.18,-13.58
2021-12-01,5.66,4.05,2.62,2.49,-3.04
2022-01-01,6.01,5.43,3.46,3.02,5.13
2022-02-01,6.07,5.85,3.95,3.02,6.06
2022-03-01,6.95,7.68,5.0,2.57,11.64
2022-04-01,7.79,8.31,5.96,1.86,15.34
2022-05-01,7.04,7.97,5.33,-0.42,18.26
2022-06-01,7.01,7.75,5.66,-1.02,17.31
2022-07-01,6.71,6.69,6.9,0.18,10.9
2022-08-01,7.0,7.62,9.57,2.58,13.29
2022-09-01,7.41,8.6,11.53,3.05,18.18
2022-10-01,6.77,7.01,12.08,2.78,7.77
2022-11-01,5.88,4.67,12.96,3.15,-8.08
2022-12-01,5.72,4.19,13.79,3.89,-15.08
2023-01-01,6.52,6.0,16.25,4.27,-11.7
2023-02-01,6.44,5.95,16.73,4.09,-11.55
2023-03-01,5.66,4.79,15.27,4.39,-8.45
2023-04-01,4.7,3.84,13.67,5.28,-6.5
2023-05-01,4.31,2.96,12.72,6.62,-7.95
2023-06-01,4.87,4.55,12.77,10.59,-0.66
2023-07-01,7.44,11.51,13.04,13.33,37.4
2023-08-01,6.83,9.94,11.85,13.04,26.08
2023-09-01,5.02,6.62,10.95,16.32,3.44
2023-10-01,4.87,6.61,10.71,18.85,2.8
2023-11-01,5.55,8.7,10.27,20.29,17.7
2023-12-01,5.69,9.53,9.93,20.73,27.64
2024-01-01,5.1,8.3,7.83,19.54,27.1
2024-02-01,5.09,8.66,7.65,18.9,30.25
2024-03-01,4.85,8.52,8.37,17.77,28.34
2024-04-01,4.83,8.7,8.63,16.84,27.8
2024-05-01,4.8,8.69,8.69,17.14,27.39
2024-06-01,5.08,9.36,8.75,16.07,29.32
2024-07-01,3.6,5.42,8.14,14.77,6.83
2024-08-01,3.65,5.66,7.31,13.6,10.75
2024-09-01,5.49,9.24,6.84,9.81,36.04
2024-10-01,6.21,10.87,6.94,7.38,42.23
2024-11-01,5.48,9.04,6.88,5.41,29.37
2024-12-01,5.22,8.39,6.51,3.83,26.56
2025-01-01,4.26,5.97,6.24,2.55,11.35
2025-02-01,3.61,3.75,6.1,-0.35,-1.13
2025-03-01,3.34,2.69,5.93,-2.73,-7.04
2025-04-01,3.16,1.78,5.35,-5.23,-10.98
2025-05-01,2.82,0.99,4.77,-8.22,-13.7
2025-06-01,2.1,-1.01,3.73,-11.76,-18.92
2025-07-01,1.61,-1.76,3.03,-13.76,-20.65
2025-08-01,2.07,-0.64,2.7,-14.53,-15.92
2025-09-01,1.44,-2.33,2.06,-15.32,-21.42
2025-10-01,0.25,-5.02,0.92,-16.15,-27.57
2025-11-01,0.71,-3.91,0.1,-15.82,-22.24
2025-12-01,1.33,-2.71,-0.35,-15.09,-18.47
