fy_start,base,food_inflation,all_inflation,departure,category,deficient,food_next_year,food_last_year,oil_shock
1953,1952,6.717,4.558,10.88,excess,0,-11.323,,0
1954,1952,-11.323,-6.767,6.37,above normal,0,-8.533,6.717,0
1955,1952,-8.533,-5.172,11.74,excess,0,18.138,-11.323,0
1956,1952,18.138,13.874,18.13,excess,0,4.099,-8.533,0
1957,1952,4.099,2.984,-5.26,below normal,0,8.181,18.138,0
1958,1952,8.181,4.082,6.85,above normal,0,3.322,4.099,0
1959,1952,3.322,3.796,13.43,excess,0,0.833,8.181,0
1960,1952,0.833,6.582,0.89,normal,0,0.111,3.322,0
1961,1952,0.111,0.22,22.57,excess,0,6.5,0.833,0
1962,1961,6.5,3.867,-2.71,normal,0,8.31,0.111,0
1963,1961,8.31,6.073,3.07,normal,0,17.346,6.5,0
1964,1961,17.346,10.967,10.83,excess,0,6.852,8.31,0
1965,1961,6.852,7.614,-14.78,deficient,1,18.328,17.346,0
1966,1961,18.328,13.897,-11.1,deficient,1,21.41,6.852,0
1967,1961,21.41,11.595,3.34,normal,0,-5.238,18.328,0
1968,1961,-5.238,-1.081,-9.34,below normal,0,-0.059,21.41,0
1969,1961,-0.059,3.763,-0.16,normal,0,3.6,-5.238,0
1970,1961,3.6,5.511,12.91,excess,0,1.142,-0.059,0
1971,1970,1.142,5.592,6.55,above normal,0,10.085,3.6,0
1972,1970,10.085,10.118,-21.57,deficient,1,22.678,1.142,0
1973,1970,22.678,20.168,9.74,above normal,0,26.008,10.085,1
1974,1970,26.008,25.198,-10.13,below normal,0,-4.914,22.678,1
1975,1970,-4.914,-1.1,15.66,excess,0,-5.087,26.008,0
1976,1970,-5.087,2.057,2.94,normal,0,11.786,-4.914,0
1977,1970,11.786,5.21,6.11,above normal,0,-0.681,-5.087,0
1978,1970,-0.681,0.054,9.25,above normal,0,8.219,11.786,0
1979,1970,8.219,17.073,-14.97,deficient,1,11.422,-0.681,1
1980,1970,11.422,18.199,6.06,above normal,0,13.064,8.219,1
1981,1970,13.064,9.37,2.39,normal,0,11.075,11.422,0
1982,1981,11.075,4.9,-11.64,deficient,1,13.917,13.064,0
1983,1981,13.917,7.571,14.81,excess,0,4.129,11.075,0
1984,1981,4.129,6.418,0.53,normal,0,1.746,13.917,0
1985,1981,1.746,4.455,-8.71,below normal,0,10.244,4.129,0
1986,1981,10.244,5.807,-10.73,deficient,1,8.999,1.746,0
1987,1981,8.999,8.156,-16.25,deficient,1,9.912,10.244,0
1988,1981,9.912,7.46,15.52,excess,0,1.252,8.999,0
1989,1981,1.252,7.412,4.12,normal,0,11.881,9.912,0
1990,1981,11.881,10.266,9.16,above normal,0,20.229,1.252,0
1991,1981,20.229,13.744,-1.95,normal,0,12.361,11.881,0
1992,1981,12.361,10.05,-2.11,normal,0,4.964,20.229,0
1993,1981,4.964,8.338,1.64,normal,0,12.8,12.361,0
1994,1993,12.8,12.6,15.04,excess,0,8.333,4.964,0
1995,1993,8.333,7.993,-1.53,normal,0,12.357,12.8,0
1996,1993,12.357,4.605,2.24,normal,0,2.986,8.333,0
1997,1993,2.986,4.403,2.66,normal,0,12.73,12.357,0
1998,1993,12.73,5.949,3.23,normal,0,3.827,2.986,0
1999,1993,3.827,3.269,-2.95,normal,0,3.021,12.73,0
2000,1993,3.021,7.158,-5.59,below normal,0,3.284,3.827,0
2001,1993,3.284,3.597,-4.56,below normal,0,1.76,3.021,0
2002,1993,1.76,3.41,-22.29,deficient,1,1.283,3.284,0
2003,1993,1.283,5.456,2.86,normal,0,2.645,1.76,0
2004,1993,2.645,6.481,-10.89,deficient,1,5.38,1.283,0
2005,2004,5.38,4.47,-0.46,normal,0,9.622,2.645,0
2006,2004,9.622,6.586,8.77,above normal,0,6.968,5.38,0
2007,2004,6.968,4.742,13.79,excess,0,9.088,9.622,0
2008,2004,9.088,8.051,5.99,above normal,0,15.274,6.968,0
2009,2004,15.274,3.801,-15.66,deficient,1,15.599,9.088,0
2010,2004,15.599,9.563,6.41,above normal,0,7.298,15.274,0
2011,2004,7.298,8.938,8.48,above normal,0,10.9,15.599,0
2012,2011,10.9,6.9,-3.27,normal,0,12.263,7.298,0
2013,2011,12.263,5.239,13.81,excess,0,5.622,10.9,0
2014,2011,5.622,1.244,-11.52,deficient,1,2.586,12.263,0
2015,2011,2.586,-3.687,-12.52,deficient,1,4.003,5.622,0
2016,2011,4.003,1.732,1.51,normal,0,2.067,2.586,0
2017,2011,2.067,2.957,-2.61,normal,0,0.349,4.003,0
2018,2011,0.349,4.265,-7.44,below normal,0,8.42,2.067,0
2019,2011,8.42,1.669,11.48,excess,0,3.145,0.349,0
2020,2011,3.145,1.314,10.25,above normal,0,4.107,8.42,0
2021,2011,4.107,12.966,0.69,normal,0,7.292,3.145,0
2022,2011,7.292,9.397,6.49,above normal,0,8.9,4.107,0
2023,2022,8.9,-0.7,-5.6,below normal,0,7.53,7.292,0
2024,2022,7.53,1.712,7.62,above normal,0,-3.672,8.9,0
2025,2022,-3.672,0.396,7.85,above normal,0,,7.53,0
