fiscal_year,monsoon_year,agri_growth,nonagri_growth,gva_growth,gdp_growth,agri_share,pct_of_normal,departure,category
1951-52,1951,1.491,3.695,2.335,2.947,61.206,88.76,-11.24,deficient
1952-53,1952,3.154,2.339,2.838,2.626,61.395,95.26,-4.74,below normal
1953-54,1953,7.701,3.519,6.086,6.15,62.329,110.88,10.88,excess
1954-55,1954,2.939,6.406,4.245,4.811,61.548,106.37,6.37,above normal
1955-56,1955,-0.864,8.045,2.561,3.236,59.492,111.74,11.74,excess
1956-57,1956,5.436,6.068,5.692,5.578,59.348,118.13,18.13,excess
1957-58,1957,-4.492,3.583,-1.209,-0.411,57.376,94.74,-5.26,below normal
1958-59,1958,10.076,4.241,7.589,7.39,58.702,106.85,6.85,above normal
1959-60,1959,-1.007,6.73,2.188,2.625,56.867,113.43,13.43,excess
1960-61,1960,6.735,7.534,7.08,5.496,56.684,100.89,0.89,normal
1961-62,1961,0.084,7.054,3.103,3.723,55.024,122.57,22.57,excess
1962-63,1962,-1.989,7.137,2.115,2.931,52.812,97.29,-2.71,normal
1963-64,1963,2.339,8.111,5.063,5.994,51.443,103.07,3.07,normal
1964-65,1964,9.224,5.846,7.584,7.453,52.228,110.83,10.83,excess
1965-66,1965,-11.042,4.422,-3.655,-2.636,48.223,85.22,-14.78,deficient
1966-67,1966,-1.422,3.29,1.018,-0.055,47.058,88.9,-11.1,deficient
1967-68,1967,14.871,2.153,8.138,7.826,49.988,103.34,3.34,normal
1968-69,1968,-0.158,5.376,2.61,3.388,48.64,90.66,-9.34,below normal
1969-70,1969,6.428,6.601,6.517,6.54,48.599,99.84,-0.16,normal
1970-71,1970,7.092,3.048,5.013,5.157,49.561,112.91,12.91,excess
1971-72,1971,-1.877,3.846,1.01,1.643,48.145,106.55,6.55,above normal
1972-73,1972,-5.019,4.045,-0.319,-0.553,45.875,78.43,-21.57,deficient
1973-74,1973,7.202,2.305,4.552,3.295,47.038,109.74,9.74,above normal
1974-75,1974,-1.523,3.545,1.161,1.185,45.789,89.87,-10.13,below normal
1975-76,1975,12.89,5.723,9.004,9.15,47.422,115.66,15.66,excess
1976-77,1976,-5.778,7.589,1.25,1.663,44.13,102.94,2.94,normal
1977-78,1977,10.036,5.443,7.47,7.255,45.184,106.11,6.11,above normal
1978-79,1978,2.303,8.14,5.503,5.713,43.813,109.25,9.25,above normal
1979-80,1979,-12.775,0.704,-5.201,-5.238,40.313,85.03,-14.97,deficient
1980-81,1980,12.888,3.308,7.17,6.736,42.464,106.06,6.06,above normal
1981-82,1981,4.602,6.381,5.626,6.006,42.052,102.39,2.39,normal
1982-83,1982,-0.281,5.251,2.924,3.476,40.743,88.36,-11.64,deficient
1983-84,1983,10.121,6.295,7.854,7.289,41.599,114.81,14.81,excess
1984-85,1984,1.585,5.654,3.961,3.821,40.648,100.53,0.53,normal
1985-86,1985,0.314,6.797,4.162,5.254,39.147,91.29,-8.71,below normal
1986-87,1986,-0.409,7.354,4.315,4.777,37.374,89.27,-10.73,deficient
1987-88,1987,-1.588,6.591,3.534,3.965,35.525,83.75,-16.25,deficient
1988-89,1988,15.64,7.141,10.16,9.628,37.292,115.52,15.52,excess
1989-90,1989,1.189,9.074,6.133,5.947,35.555,104.12,4.12,normal
1990-91,1990,4.015,5.986,5.285,5.533,35.126,109.16,9.16,above normal
1991-92,1991,-1.953,3.262,1.431,1.057,33.954,98.05,-1.95,normal
1992-93,1992,6.651,4.702,5.364,5.482,34.369,97.89,-2.11,normal
1993-94,1993,3.323,6.916,5.681,4.751,33.602,101.64,1.64,normal
1994-95,1994,4.716,7.244,6.395,6.659,33.072,115.04,15.04,excess
1995-96,1995,-0.695,11.233,7.288,7.574,30.611,98.47,-1.53,normal
1996-97,1996,9.92,7.116,7.975,7.55,31.163,102.24,2.24,normal
1997-98,1997,-2.554,7.405,4.302,4.05,29.114,102.66,2.66,normal
1998-99,1998,6.321,6.832,6.683,6.184,29.015,103.23,3.23,normal
1999-2000,1999,2.669,10.185,8.004,8.846,27.582,97.05,-2.95,normal
2000-01,2000,-0.008,5.731,4.148,3.841,26.482,94.41,-5.59,below normal
2001-02,2001,6.007,5.162,5.386,4.824,26.638,95.44,-4.56,below normal
2002-03,2002,-6.604,7.684,3.878,3.804,23.95,77.71,-22.29,deficient
2003-04,2003,9.049,7.626,7.967,7.86,24.19,102.86,2.86,normal
2004-05,2004,0.184,9.242,7.051,7.923,22.638,89.11,-10.89,deficient
2005-06,2005,4.809,9.297,8.281,7.923,21.912,99.54,-0.46,normal
2006-07,2006,2.939,9.49,8.054,8.061,20.875,108.77,8.77,above normal
2007-08,2007,5.506,7.879,7.383,7.661,20.51,113.79,13.79,excess
2008-09,2008,-0.244,5.488,4.312,3.087,19.614,105.99,5.99,above normal
2009-10,2009,-0.88,8.744,6.857,7.862,18.194,84.34,-15.66,deficient
2010-11,2010,8.792,7.86,8.03,8.498,18.322,106.41,6.41,above normal
2011-12,2011,6.398,4.96,5.223,5.241,18.527,108.48,8.48,above normal
2012-13,2012,1.487,6.313,5.419,5.456,17.836,96.73,-3.27,normal
2013-14,2013,5.57,6.159,6.054,6.386,17.754,113.81,13.81,excess
2014-15,2014,-0.216,8.746,7.155,7.41,16.533,88.48,-11.52,deficient
2015-16,2015,0.65,9.49,8.028,7.996,15.404,87.48,-12.52,deficient
2016-17,2016,6.798,8.186,7.972,8.256,15.236,101.51,1.51,normal
2017-18,2017,6.606,6.164,6.231,6.795,15.29,97.39,-2.61,normal
2018-19,2018,2.096,6.485,5.814,6.454,14.753,92.56,-7.44,below normal
2019-20,2019,6.16,3.561,3.945,3.871,15.067,111.48,11.48,excess
2020-21,2020,4.006,-5.592,-4.146,-5.778,16.349,110.25,10.25,above normal
2021-22,2021,4.623,10.304,9.375,9.69,15.638,100.69,0.69,normal
2022-23,2022,6.261,7.392,7.215,7.609,15.499,106.49,6.49,above normal
2023-24,2023,2.691,8.606,7.428,7.325,19.038,94.4,-5.6,below normal
2024-25,2024,4.145,7.853,7.147,7.194,18.504,107.62,7.62,above normal
2025-26,2025,3.272,8.961,7.908,7.819,17.709,107.85,7.85,above normal
