year,jjas_mm,pct_of_normal,source,departure,category
1871,848.7,101.97,IITM,1.97,normal
1872,913.6,109.77,IITM,9.77,above normal
1873,757.3,90.99,IITM,-9.01,below normal
1874,974.5,117.08,IITM,17.08,excess
1875,929.7,111.7,IITM,11.7,excess
1876,777.6,93.43,IITM,-6.57,below normal
1877,604.0,72.57,IITM,-27.43,deficient
1878,976.1,117.27,IITM,17.27,excess
1879,897.8,107.87,IITM,7.87,above normal
1880,820.1,98.53,IITM,-1.47,normal
1881,861.3,103.48,IITM,3.48,normal
1882,902.9,108.48,IITM,8.48,above normal
1883,849.2,102.03,IITM,2.03,normal
1884,932.8,112.07,IITM,12.07,excess
1885,847.4,101.81,IITM,1.81,normal
1886,874.4,105.06,IITM,5.06,above normal
1887,899.3,108.05,IITM,8.05,above normal
1888,811.6,97.51,IITM,-2.49,normal
1889,930.6,111.81,IITM,11.81,excess
1890,905.5,108.79,IITM,8.79,above normal
1891,792.4,95.2,IITM,-4.8,below normal
1892,991.6,119.14,IITM,19.14,excess
1893,954.9,114.73,IITM,14.73,excess
1894,971.4,116.71,IITM,16.71,excess
1895,823.6,98.95,IITM,-1.05,normal
1896,828.4,99.53,IITM,-0.47,normal
1897,891.1,107.06,IITM,7.06,above normal
1898,884.6,106.28,IITM,6.28,above normal
1899,629.0,75.57,IITM,-24.43,deficient
1900,889.3,106.85,IITM,6.85,above normal
1901,722.0,86.75,IITM,-13.25,deficient
1902,791.8,95.13,IITM,-4.87,below normal
1903,860.8,103.42,IITM,3.42,normal
1904,750.3,90.15,IITM,-9.85,below normal
1905,716.4,86.07,IITM,-13.93,deficient
1906,884.9,106.32,IITM,6.32,above normal
1907,777.4,93.4,IITM,-6.6,below normal
1908,897.0,107.77,IITM,7.77,above normal
1909,889.3,106.85,IITM,6.85,above normal
1910,934.9,112.32,IITM,12.32,excess
1911,736.3,88.46,IITM,-11.54,deficient
1912,805.8,96.81,IITM,-3.19,normal
1913,784.4,94.24,IITM,-5.76,below normal
1914,898.0,107.89,IITM,7.89,above normal
1915,780.6,93.79,IITM,-6.21,below normal
1916,950.6,114.21,IITM,14.21,excess
1917,1004.2,120.65,IITM,20.65,excess
1918,650.8,78.19,IITM,-21.81,deficient
1919,884.5,106.27,IITM,6.27,above normal
1920,719.0,86.38,IITM,-13.62,deficient
1921,865.8,104.02,IITM,4.02,normal
1922,869.0,104.41,IITM,4.41,normal
1923,823.0,98.88,IITM,-1.12,normal
1924,862.6,103.64,IITM,3.64,normal
1925,803.6,96.55,IITM,-3.45,normal
1926,902.6,108.44,IITM,8.44,above normal
1927,853.0,102.48,IITM,2.48,normal
1928,767.7,92.24,IITM,-7.76,below normal
1929,821.1,98.65,IITM,-1.35,normal
1930,804.4,96.65,IITM,-3.35,normal
1931,877.0,105.37,IITM,5.37,above normal
1932,803.4,96.53,IITM,-3.47,normal
1933,975.8,117.24,IITM,17.24,excess
1934,913.4,109.74,IITM,9.74,above normal
1935,843.5,101.34,IITM,1.34,normal
1936,908.2,109.12,IITM,9.12,above normal
1937,841.9,101.15,IITM,1.15,normal
1938,908.2,109.12,IITM,9.12,above normal
1939,789.4,94.84,IITM,-5.16,below normal
1940,853.1,102.5,IITM,2.5,normal
1941,728.3,87.5,IITM,-12.5,deficient
1942,957.7,115.06,IITM,15.06,excess
1943,868.2,104.31,IITM,4.31,normal
1944,920.3,110.57,IITM,10.57,excess
1945,910.8,109.43,IITM,9.43,above normal
1946,903.6,108.56,IITM,8.56,above normal
1947,945.3,113.57,IITM,13.57,excess
1948,873.9,105.0,IITM,5.0,above normal
1949,903.7,108.58,IITM,8.58,above normal
1950,876.9,105.36,IITM,5.36,above normal
1951,738.8,88.76,IITM,-11.24,deficient
1952,792.9,95.26,IITM,-4.74,below normal
1953,922.9,110.88,IITM,10.88,excess
1954,885.3,106.37,IITM,6.37,above normal
1955,930.0,111.74,IITM,11.74,excess
1956,983.2,118.13,IITM,18.13,excess
1957,788.5,94.74,IITM,-5.26,below normal
1958,889.3,106.85,IITM,6.85,above normal
1959,944.1,113.43,IITM,13.43,excess
1960,839.7,100.89,IITM,0.89,normal
1961,1020.2,122.57,IITM,22.57,excess
1962,809.8,97.29,IITM,-2.71,normal
1963,857.9,103.07,IITM,3.07,normal
1964,922.5,110.83,IITM,10.83,excess
1965,709.3,85.22,IITM,-14.78,deficient
1966,739.9,88.9,IITM,-11.1,deficient
1967,860.1,103.34,IITM,3.34,normal
1968,754.6,90.66,IITM,-9.34,below normal
1969,831.0,99.84,IITM,-0.16,normal
1970,939.8,112.91,IITM,12.91,excess
1971,886.8,106.55,IITM,6.55,above normal
1972,652.8,78.43,IITM,-21.57,deficient
1973,913.4,109.74,IITM,9.74,above normal
1974,748.0,89.87,IITM,-10.13,below normal
1975,962.7,115.66,IITM,15.66,excess
1976,856.8,102.94,IITM,2.94,normal
1977,883.2,106.11,IITM,6.11,above normal
1978,909.3,109.25,IITM,9.25,above normal
1979,707.7,85.03,IITM,-14.97,deficient
1980,882.8,106.06,IITM,6.06,above normal
1981,852.2,102.39,IITM,2.39,normal
1982,735.4,88.36,IITM,-11.64,deficient
1983,955.6,114.81,IITM,14.81,excess
1984,836.7,100.53,IITM,0.53,normal
1985,759.8,91.29,IITM,-8.71,below normal
1986,743.0,89.27,IITM,-10.73,deficient
1987,697.1,83.75,IITM,-16.25,deficient
1988,961.5,115.52,IITM,15.52,excess
1989,866.6,104.12,IITM,4.12,normal
1990,908.6,109.16,IITM,9.16,above normal
1991,816.1,98.05,IITM,-1.95,normal
1992,814.8,97.89,IITM,-2.11,normal
1993,846.0,101.64,IITM,1.64,normal
1994,957.5,115.04,IITM,15.04,excess
1995,819.6,98.47,IITM,-1.53,normal
1996,851.0,102.24,IITM,2.24,normal
1997,854.5,102.66,IITM,2.66,normal
1998,859.2,103.23,IITM,3.23,normal
1999,807.8,97.05,IITM,-2.95,normal
2000,785.8,94.41,IITM,-5.59,below normal
2001,794.4,95.44,IITM,-4.56,below normal
2002,646.8,77.71,IITM,-22.29,deficient
2003,856.1,102.86,IITM,2.86,normal
2004,741.7,89.11,IITM,-10.89,deficient
2005,828.5,99.54,IITM,-0.46,normal
2006,905.3,108.77,IITM,8.77,above normal
2007,947.1,113.79,IITM,13.79,excess
2008,882.2,105.99,IITM,5.99,above normal
2009,702.0,84.34,IITM,-15.66,deficient
2010,885.7,106.41,IITM,6.41,above normal
2011,902.9,108.48,IITM,8.48,above normal
2012,805.1,96.73,IITM,-3.27,normal
2013,947.3,113.81,IITM,13.81,excess
2014,736.4,88.48,IITM,-11.52,deficient
2015,728.1,87.48,IITM,-12.52,deficient
2016,844.9,101.51,IITM,1.51,normal
2017,845.9,97.39,IMD,-2.61,normal
2018,804.0,92.56,IMD,-7.44,below normal
2019,968.3,111.48,IMD,11.48,excess
2020,957.6,110.25,IMD,10.25,above normal
2021,874.6,100.69,IMD,0.69,normal
2022,925.0,106.49,IMD,6.49,above normal
2023,820.0,94.4,IMD,-5.6,below normal
2024,934.8,107.62,IMD,7.62,above normal
2025,936.8,107.85,IMD,7.85,above normal
2026,759.4,87.43,IMD,-12.57,deficient
