date,episode,authority,measure,target,source
2015-01-15,2014-15 drought,RBI,Repo rate cut from 8.00% to 7.75%,headline,https://www.business-standard.com/amp/article/pti-stories/rbi-cuts-interest-rate-by-0-25-per-cent-115011500142_1.html
2015-06-02,2014-15 drought,RBI,Repo rate cut from 7.50% to 7.25%,headline,https://www.business-standard.com/article/news-cm/rbi-reduces-repo-by-25-basis-points-from-7-5-cent-to-7-25-115060200265_1.html
2015-09-16,2014-15 drought,Union Cabinet,Extra 50 days of MGNREGA work in drought or calamity notified areas,rural income,https://www.pmindia.gov.in/en/news_updates/ex-post-facto-approval-to-additional-employment-of-50-days-over-and-above-100-days-per-household-under-mahatama-gandhi-national-rural-employment-act-mgnrega-in-areas-hit-by-drought-or-natural-calami/
2015-09-29,2014-15 drought,RBI,Repo rate cut from 7.25% to 6.75%,headline,https://www.business-standard.com/amp/article/news-cm/rbi-reduces-the-policy-repo-rate-by-50-basis-points-from-7-25-per-cent-to-6-75-per-cent-with-immediate-effect-115092900285_1.html
2015-12-01,2014-15 drought,Government of India,Pulses buffer stock set up (NAFED and SFAC to buy 30000 t tur and 10000 t urad using the Price Stabilisation Fund),pulses,https://www.business-standard.com/article/government-press-release/government-has-decided-to-set-up-buffer-stock-of-pulses-115120100955_1.html
2023-06-12,2023 deficient monsoon,Government of India (DFPD),Stock limits on wheat for traders and processors till 31 March 2024,cereals,https://www.pib.gov.in/PressReleaseIframePage.aspx?PRID=1931805&reg=48&lang=2
2023-06-28,2023 deficient monsoon,FCI,First weekly e-auction of FCI wheat and rice to private buyers under OMSS (Domestic),cereals,https://www.business-standard.com/economy/news/first-e-auction-of-fci-wheat-for-pvt-buyers-under-omss-on-june-28-123061501194_1.html
2023-07-20,2023 deficient monsoon,DGFT,Export of non-basmati white rice prohibited (Notification 20/2023),cereals,https://www.fas.usda.gov/data/india-india-bans-export-non-basmati-white-rice
2023-08-19,2023 deficient monsoon,Government of India,40% export duty on onions till 31 December 2023,vegetables,https://www.newsonair.gov.in/centre-imposes-40-percent-export-duty-on-onions-to-improve-its-domestic-availability
2023-11-06,2023 deficient monsoon,Government of India,Bharat Atta sold at Rs 27.50 per kg through NAFED NCCF and Kendriya Bhandar,cereals,https://www.pib.gov.in/PressReleseDetailm.aspx?PRID=1975040&reg=48&lang=2
2024-09-28,2023 deficient monsoon,Government of India,Ban on non-basmati white rice exports lifted with a minimum export price of USD 490 per tonne,cereals,https://theprint.in/economy/govt-exempts-non-basmati-white-rice-from-export-duty-sets-floor-price-at-usd-490-tonne/2288665/
2026-08-05,2026 deficient monsoon,RBI,Repo rate held at 5.25% with a neutral stance,headline,https://rbidocs.rbi.org.in/rdocs/PressRelease/PDFs/PR80907599DE5FD164918A49085C9D6270116.PDF
