year,jjas_mm,lpa_mm,lpa_period,jjas_pct_lpa,jun_pct_lpa,jul_pct_lpa,aug_pct_lpa,sep_pct_lpa,source,note
2017,845.9,,,95,105,100,88,88,https://www.researchgate.net/publication/340502920_Rainfall_Statistics_of_India_-_2017,"IMD Hydromet Division, Rainfall Statistics of India 2017 (copy in data/raw), Table 2 p.7 and Table 5 p.8; monthly mm 172.5/290.5/229.6/153.3 in Table 4 p.8; LPA mm not printed; the summary at the end of the report says June 95% but Table 5 gives +5%, table value used"
2018,804.0,887.5,1951-2000,91,95,94,92,76,https://mausam.imd.gov.in/shimla/mcdata/monsoon/images/2018/monsoon_report_2018.pdf,
2019,968.3,880.6,1961-2010,110,67,105,115,152,https://mausam.imd.gov.in/shimla/mcdata/monsoon/images/2019/monsoon_report_2019.pdf,
2020,957.6,880.6,1961-2010,109,118,90,127,104,https://mausam.imd.gov.in/shimla/mcdata/monsoon/images/2020/monsoon_report_2020.pdf,
2021,874.6,880.6,1961-2010,99,110,93,76,135,https://mausam.imd.gov.in/imd_latest/contents/ar2021.pdf,"seasonal mm from IMD Annual Report 2021 p.19, monthly % from IMD salient features press release 30 Sep 2021"
2022,925.0,870.0,1971-2020,106,92,117,104,108,https://internal.imd.gov.in/press_release/20221001_pr_1849.pdf,press release gives 92.5 cm against LPA 87.0 cm
2023,820.0,868.6,1971-2020,94.4,91,113,64,113,https://internal.imd.gov.in/press_release/20231001_pr_2555.pdf,
2024,934.8,868.6,1971-2020,108,89,109,115,112,https://www.pib.gov.in/PressNoteDetails.aspx?id=154892&NoteId=154892&ModuleId=3&reg=48&lang=2,PIB explainer The Indian Monsoon 15 Jul 2025 citing IMD
2025,936.8,868.6,1971-2020,108,109,105,105,115,https://mausam.imd.gov.in/imd_latest/monsoon_report_2025_2.pdf,
2026,759.4,868.6,1971-2020,87,65,101,84,92,https://internal.imd.gov.in/press_release/20260930_pr_5361.pdf,"IMD salient features SW monsoon 2026, 30 Sep 2026"
