base_year,series,year,indicator,frequency,revision,quarter,current_price,constant_price,unit
2011-12,Back,2011-12,Gross Domestic Product,Annual,,,8736331,8736331,₹ Crore
2011-12,Back,2010-11,Gross Domestic Product,Annual,,,7634472,8301234,₹ Crore
2011-12,Back,2009-10,Gross Domestic Product,Annual,,,6366406,7651078,₹ Crore
2011-12,Back,2008-09,Gross Domestic Product,Annual,,,5514152,7093402,₹ Crore
2011-12,Back,2007-08,Gross Domestic Product,Annual,,,4898662,6881006,₹ Crore
2011-12,Back,2006-07,Gross Domestic Product,Annual,,,4254628,6391375,₹ Crore
2011-12,Back,2005-06,Gross Domestic Product,Annual,,,3632124,5914614,₹ Crore
2011-12,Back,2004-05,Gross Domestic Product,Annual,,,3186331,5480379,₹ Crore
2011-12,Back,2003-04,Gross Domestic Product,Annual,,,2792530,5078049,₹ Crore
2011-12,Back,2002-03,Gross Domestic Product,Annual,,,2492613,4707983,₹ Crore
2011-12,Back,2001-02,Gross Domestic Product,Annual,,,2315242,4535456,₹ Crore
2011-12,Back,2000-01,Gross Domestic Product,Annual,,,2139885,4326735,₹ Crore
2011-12,Back,1999-2000,Gross Domestic Product,Annual,,,1988261,4166693,₹ Crore
2011-12,Back,1998-99,Gross Domestic Product,Annual,,,1772297,3828071,₹ Crore
2011-12,Back,1997-98,Gross Domestic Product,Annual,,,1545293,3605116,₹ Crore
2011-12,Back,1996-97,Gross Domestic Product,Annual,,,1394815,3464798,₹ Crore
2011-12,Back,1995-96,Gross Domestic Product,Annual,,,1205582,3221583,₹ Crore
2011-12,Back,1994-95,Gross Domestic Product,Annual,,,1027570,2994747,₹ Crore
2011-12,Back,1993-94,Gross Domestic Product,Annual,,,875992,2807779,₹ Crore
2011-12,Back,1992-93,Gross Domestic Product,Annual,,,761195,2680437,₹ Crore
2011-12,Back,1991-92,Gross Domestic Product,Annual,,,662260,2541123,₹ Crore
2011-12,Back,1990-91,Gross Domestic Product,Annual,,,576109,2514548,₹ Crore
2011-12,Back,1989-90,Gross Domestic Product,Annual,,,493277,2382702,₹ Crore
2011-12,Back,1988-89,Gross Domestic Product,Annual,,,429362,2248950,₹ Crore
2011-12,Back,1987-88,Gross Domestic Product,Annual,,,361864,2051441,₹ Crore
2011-12,Back,1986-87,Gross Domestic Product,Annual,,,318365,1973197,₹ Crore
2011-12,Back,1985-86,Gross Domestic Product,Annual,,,284534,1883243,₹ Crore
2011-12,Back,1984-85,Gross Domestic Product,Annual,,,252188,1789231,₹ Crore
2011-12,Back,1983-84,Gross Domestic Product,Annual,,,225074,1723385,₹ Crore
2011-12,Back,1982-83,Gross Domestic Product,Annual,,,193254,1606303,₹ Crore
2011-12,Back,1981-82,Gross Domestic Product,Annual,,,172775,1552348,₹ Crore
2011-12,Back,1980-81,Gross Domestic Product,Annual,,,147062,1464393,₹ Crore
2011-12,Back,1979-80,Gross Domestic Product,Annual,,,123562,1371979,₹ Crore
2011-12,Back,1978-79,Gross Domestic Product,Annual,,,112671,1447819,₹ Crore
2011-12,Back,1977-78,Gross Domestic Product,Annual,,,104023,1369581,₹ Crore
2011-12,Back,1976-77,Gross Domestic Product,Annual,,,91811,1276942,₹ Crore
2011-12,Back,1975-76,Gross Domestic Product,Annual,,,85212,1256052,₹ Crore
2011-12,Back,1974-75,Gross Domestic Product,Annual,,,79377,1150759,₹ Crore
2011-12,Back,1973-74,Gross Domestic Product,Annual,,,67240,1137278,₹ Crore
2011-12,Back,1972-73,Gross Domestic Product,Annual,,,55245,1100995,₹ Crore
2011-12,Back,1971-72,Gross Domestic Product,Annual,,,50119,1107120,₹ Crore
2011-12,Back,1970-71,Gross Domestic Product,Annual,,,46816,1089225,₹ Crore
2011-12,Back,1969-70,Gross Domestic Product,Annual,,,43835,1035806,₹ Crore
2011-12,Back,1968-69,Gross Domestic Product,Annual,,,39814,972226,₹ Crore
2011-12,Back,1967-68,Gross Domestic Product,Annual,,,37601,940367,₹ Crore
2011-12,Back,1966-67,Gross Domestic Product,Annual,,,32105,872115,₹ Crore
2011-12,Back,1965-66,Gross Domestic Product,Annual,,,28360,872598,₹ Crore
2011-12,Back,1964-65,Gross Domestic Product,Annual,,,26895,896220,₹ Crore
2011-12,Back,1963-64,Gross Domestic Product,Annual,,,23058,834058,₹ Crore
2011-12,Back,1962-63,Gross Domestic Product,Annual,,,20076,786889,₹ Crore
2011-12,Back,1961-62,Gross Domestic Product,Annual,,,18682,764481,₹ Crore
2011-12,Back,1960-61,Gross Domestic Product,Annual,,,17633,737043,₹ Crore
2011-12,Back,1959-60,Gross Domestic Product,Annual,,,16101,698644,₹ Crore
2011-12,Back,1958-59,Gross Domestic Product,Annual,,,15283,680775,₹ Crore
2011-12,Back,1957-58,Gross Domestic Product,Annual,,,13710,633926,₹ Crore
2011-12,Back,1956-57,Gross Domestic Product,Annual,,,13313,636544,₹ Crore
2011-12,Back,1955-56,Gross Domestic Product,Annual,,,11174,602911,₹ Crore
2011-12,Back,1954-55,Gross Domestic Product,Annual,,,10977,584010,₹ Crore
2011-12,Back,1953-54,Gross Domestic Product,Annual,,,11606,557203,₹ Crore
2011-12,Back,1952-53,Gross Domestic Product,Annual,,,10663,524919,₹ Crore
2011-12,Back,1951-52,Gross Domestic Product,Annual,,,10863,511489,₹ Crore
2011-12,Back,1950-51,Gross Domestic Product,Annual,,,10221,496848,₹ Crore
2011-12,Current,2025-26,Gross Domestic Product,Annual,First Advance Estimates,,35713886,20189918,₹ Crore
2011-12,Current,2024-25,Gross Domestic Product,Annual,First Advance Estimates,,32411405,18488380,₹ Crore
2011-12,Current,2024-25,Gross Domestic Product,Annual,Second Advance Estimates,,33103214,18795094,₹ Crore
2011-12,Current,2024-25,Gross Domestic Product,Annual,Provisional Estimates,,33068145,18796955,₹ Crore
2011-12,Current,2023-24,Gross Domestic Product,Annual,First Advance Estimates,,29657744,17178641,₹ Crore
2011-12,Current,2023-24,Gross Domestic Product,Annual,Second Advance Estimates,,29389685,17290281,₹ Crore
2011-12,Current,2023-24,Gross Domestic Product,Annual,Provisional Estimates,,29535666,17381721,₹ Crore
2011-12,Current,2023-24,Gross Domestic Product,Annual,First Revised Estimates,,30122955,17650590,₹ Crore
2011-12,Current,2022-23,Gross Domestic Product,Annual,First Advance Estimates,,27307751,15760363,₹ Crore
2011-12,Current,2022-23,Gross Domestic Product,Annual,Second Advance Estimates,,27203767,15971089,₹ Crore
2011-12,Current,2022-23,Gross Domestic Product,Annual,Provisional Estimates,,27240712,16006425,₹ Crore
2011-12,Current,2022-23,Gross Domestic Product,Annual,First Revised Estimates,,26949645,16071428,₹ Crore
2011-12,Current,2022-23,Gross Domestic Product,Annual,Final Estimates,,26890472,16164913,₹ Crore
2011-12,Current,2021-22,Gross Domestic Product,Annual,First Advance Estimates,,23214703,14753534,₹ Crore
2011-12,Current,2021-22,Gross Domestic Product,Annual,Second Advance Estimates,,23643874,14771680,₹ Crore
2011-12,Current,2021-22,Gross Domestic Product,Annual,Provisional Estimates,,23664636,14735515,₹ Crore
2011-12,Current,2021-22,Gross Domestic Product,Annual,First Revised Estimates,,23471011,14925840,₹ Crore
2011-12,Current,2021-22,Gross Domestic Product,Annual,Second Revised Estimates,,23597398,15021846,₹ Crore
2011-12,Current,2020-21,Gross Domestic Product,Annual,First Advance Estimates,,19481975,13439662,₹ Crore
2011-12,Current,2020-21,Gross Domestic Product,Annual,Second Advance Estimates,,19586161,13408882,₹ Crore
2011-12,Current,2020-21,Gross Domestic Product,Annual,Provisional Estimates,,19745670,13512740,₹ Crore
2011-12,Current,2020-21,Gross Domestic Product,Annual,First Revised Estimates,,19800913,13558473,₹ Crore
2011-12,Current,2020-21,Gross Domestic Product,Annual,Second Revised Estimates,,19829927,13687118,₹ Crore
2011-12,Current,2020-21,Gross Domestic Product,Annual,Third Revised Estimates,,19854096,13694869,₹ Crore
2011-12,Current,2019-20,Gross Domestic Product,Annual,First Advance Estimates,,20442233,14778879,₹ Crore
2011-12,Current,2019-20,Gross Domestic Product,Annual,Second Advance Estimates,,20384759,14683835,₹ Crore
2011-12,Current,2019-20,Gross Domestic Product,Annual,Provisional Estimates,,20339849,14565951,₹ Crore
2011-12,Current,2019-20,Gross Domestic Product,Annual,First Revised Estimates,,20351012,14569267,₹ Crore
2011-12,Current,2019-20,Gross Domestic Product,Annual,Second Revised Estimates,,20074855,14515957,₹ Crore
2011-12,Current,2019-20,Gross Domestic Product,Annual,Third Revised Estimates,,20103592,14534640,₹ Crore
2011-12,Current,2018-19,Gross Domestic Product,Annual,First Advance Estimates,,18840731,13951849,₹ Crore
2011-12,Current,2018-19,Gross Domestic Product,Annual,Second Advance Estimates,,19053967,14100119,₹ Crore
2011-12,Current,2018-19,Gross Domestic Product,Annual,Provisional Estimates,,19010164,14077586,₹ Crore
2011-12,Current,2018-19,Gross Domestic Product,Annual,First Revised Estimates,,18971237,13981426,₹ Crore
2011-12,Current,2018-19,Gross Domestic Product,Annual,Second Revised Estimates,,18886956,14003316,₹ Crore
2011-12,Current,2018-19,Gross Domestic Product,Annual,Third Revised Estimates,,18899668,13992913,₹ Crore
2011-12,Current,2017-18,Gross Domestic Product,Annual,First Advance Estimates,,16627585,12985363,₹ Crore
2011-12,Current,2017-18,Gross Domestic Product,Annual,Second Advance Estimates,,16751688,13003897,₹ Crore
2011-12,Current,2017-18,Gross Domestic Product,Annual,Provisional Estimates,,16773145,13010843,₹ Crore
2011-12,Current,2017-18,Gross Domestic Product,Annual,First Revised Estimates,,17095004,13179857,₹ Crore
2011-12,Current,2017-18,Gross Domestic Product,Annual,Second Revised Estimates,,17098304,13175160,₹ Crore
2011-12,Current,2017-18,Gross Domestic Product,Annual,Third Revised Estimates,,17090042,13144582,₹ Crore
2011-12,Current,2016-17,Gross Domestic Product,Annual,First Advance Estimates,,15192588,12154797,₹ Crore
2011-12,Current,2016-17,Gross Domestic Product,Annual,Second Advance Estimates,,15251028,12165481,₹ Crore
2011-12,Current,2016-17,Gross Domestic Product,Annual,Provisional Estimates,,15183709,12189854,₹ Crore
2011-12,Current,2016-17,Gross Domestic Product,Annual,First Revised Estimates,,15253713,12196005,₹ Crore
2011-12,Current,2016-17,Gross Domestic Product,Annual,Second Revised Estimates,,15362386,12298326,₹ Crore
2011-12,Current,2016-17,Gross Domestic Product,Annual,Third Revised Estimates,,15391669,12308193,₹ Crore
2011-12,Current,2015-16,Gross Domestic Product,Annual,First Advance Estimates,,13567192,11350962,₹ Crore
2011-12,Current,2015-16,Gross Domestic Product,Annual,Provisional Estimates,,13576086,11350249,₹ Crore
2011-12,Current,2015-16,Gross Domestic Product,Annual,First Revised Estimates,,13675330,11357528,₹ Crore
2011-12,Current,2015-16,Gross Domestic Product,Annual,Second Revised Estimates,,13764037,11386144,₹ Crore
2011-12,Current,2015-16,Gross Domestic Product,Annual,Third Revised Estimates,,13771873,11369493,₹ Crore
2011-12,Current,2014-15,Gross Domestic Product,Annual,First Advance Estimates,,12653762,10656925,₹ Crore
2011-12,Current,2014-15,Gross Domestic Product,Annual,Provisional Estimates,,12541208,10643983,₹ Crore
2011-12,Current,2014-15,Gross Domestic Product,Annual,First Revised Estimates,,12488205,10552151,₹ Crore
2011-12,Current,2014-15,Gross Domestic Product,Annual,Second Revised Estimates,,12433749,10522685,₹ Crore
2011-12,Current,2014-15,Gross Domestic Product,Annual,Third Revised Estimates,,12467959,10527673,₹ Crore
2011-12,Current,2013-14,Gross Domestic Product,Annual,Second Revised Estimates,,11272764,9839434,₹ Crore
2011-12,Current,2013-14,Gross Domestic Product,Annual,Third Revised Estimates,,11236634,9817821,₹ Crore
2011-12,Current,2013-14,Gross Domestic Product,Annual,Additional Revision,,11233521,9801369,₹ Crore
2011-12,Current,2012-13,Gross Domestic Product,Annual,Second Revised Estimates,,9951344,9226879,₹ Crore
2011-12,Current,2012-13,Gross Domestic Product,Annual,Third Revised Estimates,,9946636,9215125,₹ Crore
2011-12,Current,2012-13,Gross Domestic Product,Annual,Additional Revision,,9944013,9213016,₹ Crore
2011-12,Current,2011-12,Gross Domestic Product,Annual,Second Revised Estimates,,8736039,8736039,₹ Crore
2011-12,Current,2011-12,Gross Domestic Product,Annual,Additional Revision,,8736328,8736328,₹ Crore
2022-23,Current,2025-26,Gross Domestic Product,Annual,Provisional Estimates,,34536796,32470100,₹ Crore
2022-23,Current,2024-25,Gross Domestic Product,Annual,First Revised Estimates,,31798524,30115428,₹ Crore
2022-23,Current,2023-24,Gross Domestic Product,Annual,Final Estimates,,29073287,28094358,₹ Crore
2022-23,Current,2022-23,Gross Domestic Product,Annual,Final Estimates,,26177001,26177001,₹ Crore
