base_year,series,year,month,state,sector,division,group,class,sub_class,item,code,index,inflation,imputation
2024,Back,2024,December,All India,Rural,CPI (General),,,,,,103.60,5.76,
2024,Back,2024,December,All India,Urban,CPI (General),,,,,,102.10,4.58,
2024,Back,2024,December,All India,Combined,CPI (General),,,,,,102.90,5.22,
2024,Back,2024,November,All India,Rural,CPI (General),,,,,,104.10,5.95,
2024,Back,2024,November,All India,Urban,CPI (General),,,,,,102.80,4.89,
2024,Back,2024,November,All India,Combined,CPI (General),,,,,,103.50,5.48,
2024,Back,2024,October,All India,Rural,CPI (General),,,,,,104.20,6.68,
2024,Back,2024,October,All India,Urban,CPI (General),,,,,,103.00,5.62,
2024,Back,2024,October,All India,Combined,CPI (General),,,,,,103.70,6.21,
2024,Back,2024,September,All India,Rural,CPI (General),,,,,,102.70,5.87,
2024,Back,2024,September,All India,Urban,CPI (General),,,,,,101.80,5.05,
2024,Back,2024,September,All India,Combined,CPI (General),,,,,,102.30,5.49,
2024,Back,2024,August,All India,Rural,CPI (General),,,,,,102.00,4.16,
2024,Back,2024,August,All India,Urban,CPI (General),,,,,,101.20,3.14,
2024,Back,2024,August,All India,Combined,CPI (General),,,,,,101.70,3.65,
2024,Back,2024,July,All India,Rural,CPI (General),,,,,,102.00,4.10,
2024,Back,2024,July,All India,Urban,CPI (General),,,,,,101.20,3.03,
2024,Back,2024,July,All India,Combined,CPI (General),,,,,,101.70,3.60,
2024,Back,2024,June,All India,Rural,CPI (General),,,,,,100.40,5.66,
2024,Back,2024,June,All India,Urban,CPI (General),,,,,,99.90,4.39,
2024,Back,2024,June,All India,Combined,CPI (General),,,,,,100.20,5.08,
2024,Back,2024,May,All India,Rural,CPI (General),,,,,,98.90,5.34,
2024,Back,2024,May,All India,Urban,CPI (General),,,,,,98.80,4.21,
2024,Back,2024,May,All India,Combined,CPI (General),,,,,,98.90,4.80,
2024,Back,2024,April,All India,Rural,CPI (General),,,,,,98.40,5.43,
2024,Back,2024,April,All India,Urban,CPI (General),,,,,,98.30,4.11,
2024,Back,2024,April,All India,Combined,CPI (General),,,,,,98.30,4.83,
2024,Back,2024,March,All India,Rural,CPI (General),,,,,,98.10,5.51,
2024,Back,2024,March,All India,Urban,CPI (General),,,,,,97.70,4.14,
2024,Back,2024,March,All India,Combined,CPI (General),,,,,,97.90,4.85,
2024,Back,2024,February,All India,Rural,CPI (General),,,,,,97.90,5.34,
2024,Back,2024,February,All India,Urban,CPI (General),,,,,,97.90,4.78,
2024,Back,2024,February,All India,Combined,CPI (General),,,,,,97.90,5.09,
2024,Back,2024,January,All India,Rural,CPI (General),,,,,,97.80,5.34,
2024,Back,2024,January,All India,Urban,CPI (General),,,,,,97.60,4.92,
2024,Back,2024,January,All India,Combined,CPI (General),,,,,,97.70,5.10,
2024,Back,2023,December,All India,Rural,CPI (General),,,,,,98.00,5.93,
2024,Back,2023,December,All India,Urban,CPI (General),,,,,,97.70,5.46,
2024,Back,2023,December,All India,Combined,CPI (General),,,,,,97.80,5.69,
2024,Back,2023,November,All India,Rural,CPI (General),,,,,,98.30,5.85,
2024,Back,2023,November,All India,Urban,CPI (General),,,,,,98.00,5.26,
2024,Back,2023,November,All India,Combined,CPI (General),,,,,,98.10,5.55,
2024,Back,2023,October,All India,Rural,CPI (General),,,,,,97.70,5.12,
2024,Back,2023,October,All India,Urban,CPI (General),,,,,,97.60,4.62,
2024,Back,2023,October,All India,Combined,CPI (General),,,,,,97.60,4.87,
2024,Back,2023,September,All India,Rural,CPI (General),,,,,,97.00,5.33,
2024,Back,2023,September,All India,Urban,CPI (General),,,,,,96.90,4.65,
2024,Back,2023,September,All India,Combined,CPI (General),,,,,,97.00,5.02,
2024,Back,2023,August,All India,Rural,CPI (General),,,,,,98.00,7.02,
2024,Back,2023,August,All India,Urban,CPI (General),,,,,,98.20,6.59,
2024,Back,2023,August,All India,Combined,CPI (General),,,,,,98.10,6.83,
2024,Back,2023,July,All India,Rural,CPI (General),,,,,,98.00,7.63,
2024,Back,2023,July,All India,Urban,CPI (General),,,,,,98.30,7.20,
2024,Back,2023,July,All India,Combined,CPI (General),,,,,,98.10,7.44,
2024,Back,2023,June,All India,Rural,CPI (General),,,,,,95.00,4.78,
2024,Back,2023,June,All India,Urban,CPI (General),,,,,,95.70,4.96,
2024,Back,2023,June,All India,Combined,CPI (General),,,,,,95.30,4.87,
2024,Back,2023,May,All India,Rural,CPI (General),,,,,,93.90,4.23,
2024,Back,2023,May,All India,Urban,CPI (General),,,,,,94.80,4.33,
2024,Back,2023,May,All India,Combined,CPI (General),,,,,,94.30,4.31,
2024,Back,2023,April,All India,Rural,CPI (General),,,,,,93.40,4.68,
2024,Back,2023,April,All India,Urban,CPI (General),,,,,,94.40,4.85,
2024,Back,2023,April,All India,Combined,CPI (General),,,,,,93.80,4.70,
2024,Back,2023,March,All India,Rural,CPI (General),,,,,,93.00,5.51,
2024,Back,2023,March,All India,Urban,CPI (General),,,,,,93.80,5.89,
2024,Back,2023,March,All India,Combined,CPI (General),,,,,,93.30,5.66,
2024,Back,2023,February,All India,Rural,CPI (General),,,,,,92.90,6.72,
2024,Back,2023,February,All India,Urban,CPI (General),,,,,,93.40,6.10,
2024,Back,2023,February,All India,Combined,CPI (General),,,,,,93.10,6.44,
2024,Back,2023,January,All India,Rural,CPI (General),,,,,,92.80,6.85,
2024,Back,2023,January,All India,Urban,CPI (General),,,,,,93.00,6.00,
2024,Back,2023,January,All India,Combined,CPI (General),,,,,,93.00,6.52,
2024,Back,2022,December,All India,Rural,CPI (General),,,,,,92.50,6.05,
2024,Back,2022,December,All India,Urban,CPI (General),,,,,,92.60,5.39,
2024,Back,2022,December,All India,Combined,CPI (General),,,,,,92.50,5.72,
2024,Back,2022,November,All India,Rural,CPI (General),,,,,,92.80,6.09,
2024,Back,2022,November,All India,Urban,CPI (General),,,,,,93.10,5.68,
2024,Back,2022,November,All India,Combined,CPI (General),,,,,,93.00,5.88,
2024,Back,2022,October,All India,Rural,CPI (General),,,,,,92.90,6.98,
2024,Back,2022,October,All India,Urban,CPI (General),,,,,,93.30,6.50,
2024,Back,2022,October,All India,Combined,CPI (General),,,,,,93.10,6.77,
2024,Back,2022,September,All India,Rural,CPI (General),,,,,,92.10,7.56,
2024,Back,2022,September,All India,Urban,CPI (General),,,,,,92.60,7.27,
2024,Back,2022,September,All India,Combined,CPI (General),,,,,,92.30,7.41,
2024,Back,2022,August,All India,Rural,CPI (General),,,,,,91.50,7.15,
2024,Back,2022,August,All India,Urban,CPI (General),,,,,,92.10,6.72,
2024,Back,2022,August,All India,Combined,CPI (General),,,,,,91.80,7.00,
2024,Back,2022,July,All India,Rural,CPI (General),,,,,,91.00,6.80,
2024,Back,2022,July,All India,Urban,CPI (General),,,,,,91.70,6.49,
2024,Back,2022,July,All India,Combined,CPI (General),,,,,,91.30,6.71,
2024,Back,2022,June,All India,Rural,CPI (General),,,,,,90.70,7.09,
2024,Back,2022,June,All India,Urban,CPI (General),,,,,,91.20,6.86,
2024,Back,2022,June,All India,Combined,CPI (General),,,,,,90.90,7.01,
2024,Back,2022,May,All India,Rural,CPI (General),,,,,,90.10,7.08,
2024,Back,2022,May,All India,Urban,CPI (General),,,,,,90.90,7.08,
2024,Back,2022,May,All India,Combined,CPI (General),,,,,,90.40,7.04,
2024,Back,2022,April,All India,Rural,CPI (General),,,,,,89.20,8.38,
2024,Back,2022,April,All India,Urban,CPI (General),,,,,,90.00,7.09,
2024,Back,2022,April,All India,Combined,CPI (General),,,,,,89.60,7.79,
2024,Back,2022,March,All India,Rural,CPI (General),,,,,,88.10,7.66,
2024,Back,2022,March,All India,Urban,CPI (General),,,,,,88.60,6.12,
2024,Back,2022,March,All India,Combined,CPI (General),,,,,,88.30,6.95,
2024,Back,2022,February,All India,Rural,CPI (General),,,,,,87.10,6.38,
2024,Back,2022,February,All India,Urban,CPI (General),,,,,,88.00,5.75,
2024,Back,2022,February,All India,Combined,CPI (General),,,,,,87.50,6.07,
2024,Back,2022,January,All India,Rural,CPI (General),,,,,,86.90,6.12,
2024,Back,2022,January,All India,Urban,CPI (General),,,,,,87.80,5.91,
2024,Back,2022,January,All India,Combined,CPI (General),,,,,,87.30,6.01,
2024,Back,2021,December,All India,Rural,CPI (General),,,,,,87.20,5.36,
2024,Back,2021,December,All India,Urban,CPI (General),,,,,,87.90,5.90,
2024,Back,2021,December,All India,Combined,CPI (General),,,,,,87.50,5.66,
2024,Back,2021,November,All India,Rural,CPI (General),,,,,,87.50,4.29,
2024,Back,2021,November,All India,Urban,CPI (General),,,,,,88.10,5.54,
2024,Back,2021,November,All India,Combined,CPI (General),,,,,,87.80,4.91,
2024,Back,2021,October,All India,Rural,CPI (General),,,,,,86.80,4.07,
2024,Back,2021,October,All India,Urban,CPI (General),,,,,,87.60,5.04,
2024,Back,2021,October,All India,Combined,CPI (General),,,,,,87.20,4.48,
2024,Back,2021,September,All India,Rural,CPI (General),,,,,,85.60,4.13,
2024,Back,2021,September,All India,Urban,CPI (General),,,,,,86.30,4.57,
2024,Back,2021,September,All India,Combined,CPI (General),,,,,,86.00,4.35,
2024,Back,2021,August,All India,Rural,CPI (General),,,,,,85.40,5.28,
2024,Back,2021,August,All India,Urban,CPI (General),,,,,,86.30,5.32,
2024,Back,2021,August,All India,Combined,CPI (General),,,,,,85.80,5.30,
2024,Back,2021,July,All India,Rural,CPI (General),,,,,,85.20,5.49,
2024,Back,2021,July,All India,Urban,CPI (General),,,,,,86.10,5.82,
2024,Back,2021,July,All India,Combined,CPI (General),,,,,,85.60,5.59,
2024,Back,2021,June,All India,Rural,CPI (General),,,,,,84.60,6.16,
2024,Back,2021,June,All India,Urban,CPI (General),,,,,,85.30,6.37,
2024,Back,2021,June,All India,Combined,CPI (General),,,,,,85.00,6.26,
2024,Back,2021,May,All India,Rural,CPI (General),,,,,,84.10,6.55,
2024,Back,2021,May,All India,Urban,CPI (General),,,,,,84.90,5.91,
2024,Back,2021,May,All India,Combined,CPI (General),,,,,,84.50,6.30,
2024,Back,2021,April,All India,Rural,CPI (General),,,,,,82.30,3.75,
2024,Back,2021,April,All India,Urban,CPI (General),,,,,,84.10,4.71,
2024,Back,2021,April,All India,Combined,CPI (General),,,,,,83.10,4.23,
2024,Back,2021,March,All India,Rural,CPI (General),,,,,,81.80,4.61,
2024,Back,2021,March,All India,Urban,CPI (General),,,,,,83.50,6.52,
2024,Back,2021,March,All India,Combined,CPI (General),,,,,,82.60,5.52,
2024,Back,2021,February,All India,Rural,CPI (General),,,,,,81.80,4.19,
2024,Back,2021,February,All India,Urban,CPI (General),,,,,,83.30,5.96,
2024,Back,2021,February,All India,Combined,CPI (General),,,,,,82.50,5.03,
2024,Back,2021,January,All India,Rural,CPI (General),,,,,,81.90,3.23,
2024,Back,2021,January,All India,Urban,CPI (General),,,,,,82.90,5.13,
2024,Back,2021,January,All India,Combined,CPI (General),,,,,,82.30,4.06,
2024,Back,2020,December,All India,Rural,CPI (General),,,,,,82.80,4.07,
2024,Back,2020,December,All India,Urban,CPI (General),,,,,,83.00,5.19,
2024,Back,2020,December,All India,Combined,CPI (General),,,,,,82.80,4.59,
2024,Back,2020,November,All India,Rural,CPI (General),,,,,,83.90,7.20,
2024,Back,2020,November,All India,Urban,CPI (General),,,,,,83.50,6.73,
2024,Back,2020,November,All India,Combined,CPI (General),,,,,,83.70,6.93,
2024,Back,2020,October,All India,Rural,CPI (General),,,,,,83.40,7.75,
2024,Back,2020,October,All India,Urban,CPI (General),,,,,,83.40,7.33,
2024,Back,2020,October,All India,Combined,CPI (General),,,,,,83.40,7.61,
2024,Back,2020,September,All India,Rural,CPI (General),,,,,,82.20,7.36,
2024,Back,2020,September,All India,Urban,CPI (General),,,,,,82.60,7.26,
2024,Back,2020,September,All India,Combined,CPI (General),,,,,,82.40,7.27,
2024,Back,2020,August,All India,Rural,CPI (General),,,,,,81.10,6.66,
2024,Back,2020,August,All India,Urban,CPI (General),,,,,,81.90,6.80,
2024,Back,2020,August,All India,Combined,CPI (General),,,,,,81.50,6.69,
2024,Back,2020,July,All India,Rural,CPI (General),,,,,,80.80,6.76,
2024,Back,2020,July,All India,Urban,CPI (General),,,,,,81.30,6.70,
2024,Back,2020,July,All India,Combined,CPI (General),,,,,,81.10,6.73,
2024,Back,2020,June,All India,Rural,CPI (General),,,,,,79.70,6.34,
2024,Back,2020,June,All India,Urban,CPI (General),,,,,,80.20,6.12,
2024,Back,2020,June,All India,Combined,CPI (General),,,,,,80.00,6.23,
2024,Back,2020,May,All India,Rural,CPI (General),,,,,,79.00,6.18,
2024,Back,2020,May,All India,Urban,CPI (General),,,,,,80.10,6.43,
2024,Back,2020,May,All India,Combined,CPI (General),,,,,,79.50,6.27,
2024,Back,2020,April,All India,Rural,CPI (General),,,,,,79.30,7.20,
2024,Back,2020,April,All India,Urban,CPI (General),,,,,,80.30,7.33,
2024,Back,2020,April,All India,Combined,CPI (General),,,,,,79.70,7.22,
2024,Back,2020,March,All India,Rural,CPI (General),,,,,,78.20,6.09,
2024,Back,2020,March,All India,Urban,CPI (General),,,,,,78.40,5.59,
2024,Back,2020,March,All India,Combined,CPI (General),,,,,,78.30,5.84,
2024,Back,2020,February,All India,Rural,CPI (General),,,,,,78.50,6.67,
2024,Back,2020,February,All India,Urban,CPI (General),,,,,,78.60,6.57,
2024,Back,2020,February,All India,Combined,CPI (General),,,,,,78.50,6.58,
2024,Back,2020,January,All India,Rural,CPI (General),,,,,,79.30,7.73,
2024,Back,2020,January,All India,Urban,CPI (General),,,,,,78.80,7.39,
2024,Back,2020,January,All India,Combined,CPI (General),,,,,,79.10,7.59,
2024,Back,2019,December,All India,Rural,CPI (General),,,,,,79.50,7.33,
2024,Back,2019,December,All India,Urban,CPI (General),,,,,,78.90,7.46,
2024,Back,2019,December,All India,Combined,CPI (General),,,,,,79.20,7.35,
2024,Back,2019,November,All India,Rural,CPI (General),,,,,,78.30,5.27,
2024,Back,2019,November,All India,Urban,CPI (General),,,,,,78.20,5.76,
2024,Back,2019,November,All India,Combined,CPI (General),,,,,,78.30,5.54,
2024,Back,2019,October,All India,Rural,CPI (General),,,,,,77.40,4.29,
2024,Back,2019,October,All India,Urban,CPI (General),,,,,,77.70,5.11,
2024,Back,2019,October,All India,Combined,CPI (General),,,,,,77.50,4.62,
2024,Back,2019,September,All India,Rural,CPI (General),,,,,,76.60,3.24,
2024,Back,2019,September,All India,Urban,CPI (General),,,,,,77.00,4.78,
2024,Back,2019,September,All India,Combined,CPI (General),,,,,,76.80,3.99,
2024,Back,2019,August,All India,Rural,CPI (General),,,,,,76.10,2.25,
2024,Back,2019,August,All India,Urban,CPI (General),,,,,,76.70,4.49,
2024,Back,2019,August,All India,Combined,CPI (General),,,,,,76.40,3.28,
2024,Back,2019,July,All India,Rural,CPI (General),,,,,,75.70,2.19,
2024,Back,2019,July,All India,Urban,CPI (General),,,,,,76.20,4.22,
2024,Back,2019,July,All India,Combined,CPI (General),,,,,,76.00,3.15,
2024,Back,2019,June,All India,Rural,CPI (General),,,,,,75.00,2.21,
2024,Back,2019,June,All India,Urban,CPI (General),,,,,,75.60,4.33,
2024,Back,2019,June,All India,Combined,CPI (General),,,,,,75.30,3.18,
2024,Back,2019,May,All India,Rural,CPI (General),,,,,,74.40,1.86,
2024,Back,2019,May,All India,Urban,CPI (General),,,,,,75.30,4.51,
2024,Back,2019,May,All India,Combined,CPI (General),,,,,,74.80,3.05,
2024,Back,2019,April,All India,Rural,CPI (General),,,,,,74.00,1.87,
2024,Back,2019,April,All India,Urban,CPI (General),,,,,,74.80,4.30,
2024,Back,2019,April,All India,Combined,CPI (General),,,,,,74.40,2.99,
2024,Back,2019,March,All India,Rural,CPI (General),,,,,,73.70,1.80,
2024,Back,2019,March,All India,Urban,CPI (General),,,,,,74.20,4.10,
2024,Back,2019,March,All India,Combined,CPI (General),,,,,,73.90,2.86,
2024,Back,2019,February,All India,Rural,CPI (General),,,,,,73.60,1.81,
2024,Back,2019,February,All India,Urban,CPI (General),,,,,,73.70,3.43,
2024,Back,2019,February,All India,Combined,CPI (General),,,,,,73.70,2.57,
2024,Back,2019,January,All India,Rural,CPI (General),,,,,,73.60,1.22,
2024,Back,2019,January,All India,Urban,CPI (General),,,,,,73.40,2.91,
2024,Back,2019,January,All India,Combined,CPI (General),,,,,,73.50,1.97,
2024,Back,2018,December,All India,Rural,CPI (General),,,,,,74.10,1.50,
2024,Back,2018,December,All India,Urban,CPI (General),,,,,,73.40,2.91,
2024,Back,2018,December,All India,Combined,CPI (General),,,,,,73.80,2.11,
2024,Back,2018,November,All India,Rural,CPI (General),,,,,,74.40,1.71,
2024,Back,2018,November,All India,Urban,CPI (General),,,,,,73.90,3.12,
2024,Back,2018,November,All India,Combined,CPI (General),,,,,,74.20,2.33,
2024,Back,2018,October,All India,Rural,CPI (General),,,,,,74.30,2.82,
2024,Back,2018,October,All India,Urban,CPI (General),,,,,,73.90,4.04,
2024,Back,2018,October,All India,Combined,CPI (General),,,,,,74.10,3.38,
2024,Back,2018,September,All India,Rural,CPI (General),,,,,,74.20,3.27,
2024,Back,2018,September,All India,Urban,CPI (General),,,,,,73.50,4.31,
2024,Back,2018,September,All India,Combined,CPI (General),,,,,,73.80,3.70,
2024,Back,2018,August,All India,Rural,CPI (General),,,,,,74.40,3.41,
2024,Back,2018,August,All India,Urban,CPI (General),,,,,,73.40,3.99,
2024,Back,2018,August,All India,Combined,CPI (General),,,,,,73.90,3.69,
2024,Back,2018,July,All India,Rural,CPI (General),,,,,,74.00,4.11,
2024,Back,2018,July,All India,Urban,CPI (General),,,,,,73.20,4.32,
2024,Back,2018,July,All India,Combined,CPI (General),,,,,,73.60,4.17,
2024,Back,2018,June,All India,Rural,CPI (General),,,,,,73.40,4.93,
2024,Back,2018,June,All India,Urban,CPI (General),,,,,,72.50,4.85,
2024,Back,2018,June,All India,Combined,CPI (General),,,,,,72.90,4.92,
2024,Back,2018,May,All India,Rural,CPI (General),,,,,,73.00,4.88,
2024,Back,2018,May,All India,Urban,CPI (General),,,,,,72.00,4.72,
2024,Back,2018,May,All India,Combined,CPI (General),,,,,,72.60,4.87,
2024,Back,2018,April,All India,Rural,CPI (General),,,,,,72.60,4.67,
2024,Back,2018,April,All India,Urban,CPI (General),,,,,,71.70,4.42,
2024,Back,2018,April,All India,Combined,CPI (General),,,,,,72.20,4.58,
2024,Back,2018,March,All India,Rural,CPI (General),,,,,,72.40,4.44,
2024,Back,2018,March,All India,Urban,CPI (General),,,,,,71.30,4.12,
2024,Back,2018,March,All India,Combined,CPI (General),,,,,,71.90,4.28,
2024,Back,2018,February,All India,Rural,CPI (General),,,,,,72.30,4.45,
2024,Back,2018,February,All India,Urban,CPI (General),,,,,,71.30,4.52,
2024,Back,2018,February,All India,Combined,CPI (General),,,,,,71.80,4.44,
2024,Back,2018,January,All India,Rural,CPI (General),,,,,,72.70,5.21,
2024,Back,2018,January,All India,Urban,CPI (General),,,,,,71.30,4.93,
2024,Back,2018,January,All India,Combined,CPI (General),,,,,,72.10,5.07,
2024,Back,2017,December,All India,Rural,CPI (General),,,,,,73.00,5.27,
2024,Back,2017,December,All India,Urban,CPI (General),,,,,,71.30,5.09,
2024,Back,2017,December,All India,Combined,CPI (General),,,,,,72.30,5.21,
2024,Back,2017,November,All India,Rural,CPI (General),,,,,,73.10,4.79,
2024,Back,2017,November,All India,Urban,CPI (General),,,,,,71.70,4.90,
2024,Back,2017,November,All India,Combined,CPI (General),,,,,,72.50,4.88,
2024,Back,2017,October,All India,Rural,CPI (General),,,,,,72.20,3.36,
2024,Back,2017,October,All India,Urban,CPI (General),,,,,,71.00,3.81,
2024,Back,2017,October,All India,Combined,CPI (General),,,,,,71.70,3.58,
2024,Back,2017,September,All India,Rural,CPI (General),,,,,,71.90,3.15,
2024,Back,2017,September,All India,Urban,CPI (General),,,,,,70.40,3.44,
2024,Back,2017,September,All India,Combined,CPI (General),,,,,,71.20,3.28,
2024,Back,2017,August,All India,Rural,CPI (General),,,,,,72.00,3.22,
2024,Back,2017,August,All India,Urban,CPI (General),,,,,,70.60,3.35,
2024,Back,2017,August,All India,Combined,CPI (General),,,,,,71.30,3.28,
2024,Back,2017,July,All India,Rural,CPI (General),,,,,,71.10,2.41,
2024,Back,2017,July,All India,Urban,CPI (General),,,,,,70.10,2.17,
2024,Back,2017,July,All India,Combined,CPI (General),,,,,,70.70,2.36,
2024,Back,2017,June,All India,Rural,CPI (General),,,,,,69.90,1.52,
2024,Back,2017,June,All India,Urban,CPI (General),,,,,,69.10,1.41,
2024,Back,2017,June,All India,Combined,CPI (General),,,,,,69.50,1.46,
2024,Back,2017,May,All India,Rural,CPI (General),,,,,,69.60,2.30,
2024,Back,2017,May,All India,Urban,CPI (General),,,,,,68.80,2.13,
2024,Back,2017,May,All India,Combined,CPI (General),,,,,,69.20,2.18,
2024,Back,2017,April,All India,Rural,CPI (General),,,,,,69.40,3.02,
2024,Back,2017,April,All India,Urban,CPI (General),,,,,,68.70,3.03,
2024,Back,2017,April,All India,Combined,CPI (General),,,,,,69.10,2.99,
2024,Back,2017,March,All India,Rural,CPI (General),,,,,,69.30,3.75,
2024,Back,2017,March,All India,Urban,CPI (General),,,,,,68.50,3.96,
2024,Back,2017,March,All India,Combined,CPI (General),,,,,,68.90,3.89,
2024,Back,2017,February,All India,Rural,CPI (General),,,,,,69.20,3.67,
2024,Back,2017,February,All India,Urban,CPI (General),,,,,,68.20,3.55,
2024,Back,2017,February,All India,Combined,CPI (General),,,,,,68.80,3.65,
2024,Back,2017,January,All India,Rural,CPI (General),,,,,,69.10,3.36,
2024,Back,2017,January,All India,Urban,CPI (General),,,,,,68.00,2.90,
2024,Back,2017,January,All India,Combined,CPI (General),,,,,,68.60,3.17,
2024,Back,2016,December,All India,Rural,CPI (General),,,,,,69.30,3.83,
2024,Back,2016,December,All India,Urban,CPI (General),,,,,,67.90,2.90,
2024,Back,2016,December,All India,Combined,CPI (General),,,,,,68.70,3.41,
2024,Back,2016,November,All India,Rural,CPI (General),,,,,,69.80,4.13,
2024,Back,2016,November,All India,Urban,CPI (General),,,,,,68.40,3.13,
2024,Back,2016,November,All India,Combined,CPI (General),,,,,,69.10,3.63,
2024,Back,2016,October,All India,Rural,CPI (General),,,,,,69.90,4.78,
2024,Back,2016,October,All India,Urban,CPI (General),,,,,,68.40,3.54,
2024,Back,2016,October,All India,Combined,CPI (General),,,,,,69.20,4.20,
2024,Back,2016,September,All India,Rural,CPI (General),,,,,,69.70,5.04,
2024,Back,2016,September,All India,Urban,CPI (General),,,,,,68.10,3.64,
2024,Back,2016,September,All India,Combined,CPI (General),,,,,,68.90,4.39,
2024,Back,2016,August,All India,Rural,CPI (General),,,,,,69.70,5.87,
2024,Back,2016,August,All India,Urban,CPI (General),,,,,,68.30,4.22,
2024,Back,2016,August,All India,Combined,CPI (General),,,,,,69.10,5.05,
2024,Back,2016,July,All India,Rural,CPI (General),,,,,,69.50,6.66,
2024,Back,2016,July,All India,Urban,CPI (General),,,,,,68.60,5.39,
2024,Back,2016,July,All India,Combined,CPI (General),,,,,,69.10,6.07,
2024,Back,2016,June,All India,Rural,CPI (General),,,,,,68.90,6.29,
2024,Back,2016,June,All India,Urban,CPI (General),,,,,,68.10,5.26,
2024,Back,2016,June,All India,Combined,CPI (General),,,,,,68.50,5.77,
2024,Back,2016,May,All India,Rural,CPI (General),,,,,,68.00,6.45,
2024,Back,2016,May,All India,Urban,CPI (General),,,,,,67.40,4.89,
2024,Back,2016,May,All India,Combined,CPI (General),,,,,,67.70,5.76,
2024,Back,2016,April,All India,Rural,CPI (General),,,,,,67.40,6.17,
2024,Back,2016,April,All India,Urban,CPI (General),,,,,,66.70,4.68,
2024,Back,2016,April,All India,Combined,CPI (General),,,,,,67.00,5.47,
2024,Back,2016,March,All India,Rural,CPI (General),,,,,,66.80,5.70,
2024,Back,2016,March,All India,Urban,CPI (General),,,,,,65.90,3.95,
2024,Back,2016,March,All India,Combined,CPI (General),,,,,,66.40,4.83,
2024,Back,2016,February,All India,Rural,CPI (General),,,,,,66.80,6.05,
2024,Back,2016,February,All India,Urban,CPI (General),,,,,,65.90,4.30,
2024,Back,2016,February,All India,Combined,CPI (General),,,,,,66.40,5.26,
2024,Back,2016,January,All India,Rural,CPI (General),,,,,,66.90,6.48,
2024,Back,2016,January,All India,Urban,CPI (General),,,,,,66.10,4.81,
2024,Back,2016,January,All India,Combined,CPI (General),,,,,,66.50,5.69,
2024,Back,2015,December,All India,Rural,CPI (General),,,,,,66.80,6.32,
2024,Back,2015,December,All India,Urban,CPI (General),,,,,,66.00,4.73,
2024,Back,2015,December,All India,Combined,CPI (General),,,,,,66.40,5.61,
2024,Back,2015,November,All India,Rural,CPI (General),,,,,,67.00,5.95,
2024,Back,2015,November,All India,Urban,CPI (General),,,,,,66.30,4.71,
2024,Back,2015,November,All India,Combined,CPI (General),,,,,,66.70,5.41,
2024,Back,2015,October,All India,Rural,CPI (General),,,,,,66.70,5.54,
2024,Back,2015,October,All India,Urban,CPI (General),,,,,,66.10,4.28,
2024,Back,2015,October,All India,Combined,CPI (General),,,,,,66.40,5.00,
2024,Back,2015,September,All India,Rural,CPI (General),,,,,,66.30,5.05,
2024,Back,2015,September,All India,Urban,CPI (General),,,,,,65.70,3.61,
2024,Back,2015,September,All India,Combined,CPI (General),,,,,,66.00,4.41,
2024,Back,2015,August,All India,Rural,CPI (General),,,,,,65.80,4.47,
2024,Back,2015,August,All India,Urban,CPI (General),,,,,,65.50,2.75,
2024,Back,2015,August,All India,Combined,CPI (General),,,,,,65.70,3.74,
2024,Back,2015,July,All India,Rural,CPI (General),,,,,,65.10,4.35,
2024,Back,2015,July,All India,Urban,CPI (General),,,,,,65.10,2.94,
2024,Back,2015,July,All India,Combined,CPI (General),,,,,,65.10,3.69,
2024,Back,2015,June,All India,Rural,CPI (General),,,,,,64.80,6.07,
2024,Back,2015,June,All India,Urban,CPI (General),,,,,,64.70,4.55,
2024,Back,2015,June,All India,Combined,CPI (General),,,,,,64.80,5.40,
2024,Back,2015,May,All India,Rural,CPI (General),,,,,,63.90,5.52,
2024,Back,2015,May,All India,Urban,CPI (General),,,,,,64.20,4.41,
2024,Back,2015,May,All India,Combined,CPI (General),,,,,,64.00,5.01,
2024,Back,2015,April,All India,Rural,CPI (General),,,,,,63.40,5.29,
2024,Back,2015,April,All India,Urban,CPI (General),,,,,,63.70,4.36,
2024,Back,2015,April,All India,Combined,CPI (General),,,,,,63.60,4.87,
2024,Back,2015,March,All India,Rural,CPI (General),,,,,,63.20,5.67,
2024,Back,2015,March,All India,Urban,CPI (General),,,,,,63.40,4.75,
2024,Back,2015,March,All India,Combined,CPI (General),,,,,,63.30,5.25,
2024,Back,2015,February,All India,Rural,CPI (General),,,,,,63.00,5.79,
2024,Back,2015,February,All India,Urban,CPI (General),,,,,,63.10,4.95,
2024,Back,2015,February,All India,Combined,CPI (General),,,,,,63.00,5.37,
2024,Back,2015,January,All India,Rural,CPI (General),,,,,,62.80,5.34,
2024,Back,2015,January,All India,Urban,CPI (General),,,,,,63.00,4.96,
2024,Back,2015,January,All India,Combined,CPI (General),,,,,,62.90,5.19,
2024,Back,2014,December,All India,Rural,CPI (General),,,,,,62.80,4.16,
2024,Back,2014,December,All India,Urban,CPI (General),,,,,,63.00,4.50,
2024,Back,2014,December,All India,Combined,CPI (General),,,,,,62.90,4.28,
2024,Back,2014,November,All India,Rural,CPI (General),,,,,,63.20,3.15,
2024,Back,2014,November,All India,Urban,CPI (General),,,,,,63.30,3.48,
2024,Back,2014,November,All India,Combined,CPI (General),,,,,,63.30,3.27,
2024,Back,2014,October,All India,Rural,CPI (General),,,,,,63.20,4.76,
2024,Back,2014,October,All India,Urban,CPI (General),,,,,,63.40,4.47,
2024,Back,2014,October,All India,Combined,CPI (General),,,,,,63.30,4.62,
2024,Back,2014,September,All India,Rural,CPI (General),,,,,,63.10,5.87,
2024,Back,2014,September,All India,Urban,CPI (General),,,,,,63.40,5.30,
2024,Back,2014,September,All India,Combined,CPI (General),,,,,,63.30,5.63,
2024,Back,2014,August,All India,Rural,CPI (General),,,,,,63.00,7.67,
2024,Back,2014,August,All India,Urban,CPI (General),,,,,,63.80,6.39,
2024,Back,2014,August,All India,Combined,CPI (General),,,,,,63.40,7.03,
2024,Back,2014,July,All India,Rural,CPI (General),,,,,,62.40,7.95,
2024,Back,2014,July,All India,Urban,CPI (General),,,,,,63.30,6.73,
2024,Back,2014,July,All India,Combined,CPI (General),,,,,,62.80,7.39,
2024,Back,2014,June,All India,Rural,CPI (General),,,,,,61.10,7.44,
2024,Back,2014,June,All India,Urban,CPI (General),,,,,,61.90,6.11,
2024,Back,2014,June,All India,Combined,CPI (General),,,,,,61.50,6.77,
2024,Back,2014,May,All India,Rural,CPI (General),,,,,,60.60,8.21,
2024,Back,2014,May,All India,Urban,CPI (General),,,,,,61.50,8.44,
2024,Back,2014,May,All India,Combined,CPI (General),,,,,,61.00,8.33,
2024,Back,2014,April,All India,Rural,CPI (General),,,,,,60.30,8.46,
2024,Back,2014,April,All India,Urban,CPI (General),,,,,,61.00,8.51,
2024,Back,2014,April,All India,Combined,CPI (General),,,,,,60.60,8.48,
2024,Back,2014,March,All India,Rural,CPI (General),,,,,,59.80,8.11,
2024,Back,2014,March,All India,Urban,CPI (General),,,,,,60.50,8.29,
2024,Back,2014,March,All India,Combined,CPI (General),,,,,,60.10,8.25,
2024,Back,2014,February,All India,Rural,CPI (General),,,,,,59.50,7.75,
2024,Back,2014,February,All India,Urban,CPI (General),,,,,,60.20,8.02,
2024,Back,2014,February,All India,Combined,CPI (General),,,,,,59.80,7.88,
2024,Back,2014,January,All India,Rural,CPI (General),,,,,,59.60,8.66,
2024,Back,2014,January,All India,Urban,CPI (General),,,,,,60.10,8.56,
2024,Back,2014,January,All India,Combined,CPI (General),,,,,,59.80,8.60,
2024,Back,2013,December,All India,Rural,CPI (General),,,,,,60.30,,
2024,Back,2013,December,All India,Urban,CPI (General),,,,,,60.30,,
2024,Back,2013,December,All India,Combined,CPI (General),,,,,,60.30,,
2024,Back,2013,November,All India,Rural,CPI (General),,,,,,61.30,,
2024,Back,2013,November,All India,Urban,CPI (General),,,,,,61.20,,
2024,Back,2013,November,All India,Combined,CPI (General),,,,,,61.30,,
2024,Back,2013,October,All India,Rural,CPI (General),,,,,,60.30,,
2024,Back,2013,October,All India,Urban,CPI (General),,,,,,60.60,,
2024,Back,2013,October,All India,Combined,CPI (General),,,,,,60.50,,
2024,Back,2013,September,All India,Rural,CPI (General),,,,,,59.60,,
2024,Back,2013,September,All India,Urban,CPI (General),,,,,,60.20,,
2024,Back,2013,September,All India,Combined,CPI (General),,,,,,59.90,,
2024,Back,2013,August,All India,Rural,CPI (General),,,,,,58.50,,
2024,Back,2013,August,All India,Urban,CPI (General),,,,,,60.00,,
2024,Back,2013,August,All India,Combined,CPI (General),,,,,,59.20,,
2024,Back,2013,July,All India,Rural,CPI (General),,,,,,57.80,,
2024,Back,2013,July,All India,Urban,CPI (General),,,,,,59.30,,
2024,Back,2013,July,All India,Combined,CPI (General),,,,,,58.50,,
2024,Back,2013,June,All India,Rural,CPI (General),,,,,,56.90,,
2024,Back,2013,June,All India,Urban,CPI (General),,,,,,58.40,,
2024,Back,2013,June,All India,Combined,CPI (General),,,,,,57.60,,
2024,Back,2013,May,All India,Rural,CPI (General),,,,,,56.00,,
2024,Back,2013,May,All India,Urban,CPI (General),,,,,,56.70,,
2024,Back,2013,May,All India,Combined,CPI (General),,,,,,56.30,,
2024,Back,2013,April,All India,Rural,CPI (General),,,,,,55.60,,
2024,Back,2013,April,All India,Urban,CPI (General),,,,,,56.20,,
2024,Back,2013,April,All India,Combined,CPI (General),,,,,,55.90,,
2024,Back,2013,March,All India,Rural,CPI (General),,,,,,55.40,,
2024,Back,2013,March,All India,Urban,CPI (General),,,,,,55.90,,
2024,Back,2013,March,All India,Combined,CPI (General),,,,,,55.60,,
2024,Back,2013,February,All India,Rural,CPI (General),,,,,,55.20,,
2024,Back,2013,February,All India,Urban,CPI (General),,,,,,55.70,,
2024,Back,2013,February,All India,Combined,CPI (General),,,,,,55.50,,
2024,Back,2013,January,All India,Rural,CPI (General),,,,,,54.90,,
2024,Back,2013,January,All India,Urban,CPI (General),,,,,,55.30,,
2024,Back,2013,January,All India,Combined,CPI (General),,,,,,55.10,,
